{"cameraMode":{"drawMode":0,"name":"Shaded","section":"Shading Mode"},"sceneLighting":false,"audioPlay":false,"sceneViewState":{"m_AlwaysRefresh":false,"showFog":true,"showSkybox":false,"showFlares":true,"showImageEffects":true,"showParticleSystems":true,"showVisualEffectGraphs":true,"m_FxEnabled":true},"in2DMode":false,"pivot":{"x":0.00003591179847717285,"y":0.27394744753837588,"z":-0.20455917716026307},"rotation":{"x":0.02246996946632862,"y":0.9723330140113831,"z":-0.10542218387126923,"w":0.20724549889564515},"size":0.51393061876297,"orthographic":true}