{"cameraMode":{"drawMode":0,"name":"Shaded","section":"Shading Mode"},"sceneLighting":true,"audioPlay":false,"sceneViewState":{"m_AlwaysRefresh":false,"showFog":true,"showSkybox":true,"showFlares":true,"showImageEffects":true,"showParticleSystems":true,"showVisualEffectGraphs":true,"m_FxEnabled":true},"in2DMode":false,"pivot":{"x":-12.410210609436036,"y":3.327143669128418,"z":-1.4255380630493165},"rotation":{"x":0.17287394404411317,"y":0.2244538962841034,"z":-0.04049652814865112,"w":0.958178699016571},"size":1.3599909543991089,"orthographic":true}