{"cameraMode":{"drawMode":0,"name":"Shaded","section":"Shading Mode"},"sceneLighting":true,"audioPlay":false,"sceneViewState":{"m_AlwaysRefresh":false,"showFog":true,"showSkybox":true,"showFlares":true,"showImageEffects":true,"showParticleSystems":true,"showVisualEffectGraphs":true,"m_FxEnabled":true},"in2DMode":false,"pivot":{"x":-1.4388389587402344,"y":-20.457387924194337,"z":36.55192565917969},"rotation":{"x":0.2789643108844757,"y":-0.08311758190393448,"z":0.024244796484708787,"w":0.956395149230957},"size":30.663921356201173,"orthographic":false}