{"cameraMode":{"drawMode":0,"name":"Shaded","section":"Shading Mode"},"sceneLighting":true,"audioPlay":false,"sceneViewState":{"m_AlwaysRefresh":false,"showFog":true,"showSkybox":true,"showFlares":true,"showImageEffects":true,"showParticleSystems":true,"showVisualEffectGraphs":true,"m_FxEnabled":true},"in2DMode":false,"pivot":{"x":0.26281291246414187,"y":0.555741012096405,"z":-0.3972223401069641},"rotation":{"x":0.18115223944187165,"y":-0.2659311890602112,"z":0.0509524792432785,"w":0.9454523921012878},"size":0.12744121253490449,"orthographic":false}